{
  "project_info": {
    "project_number": "957527599627",
    "project_id": "pushtest-ldj-01",
    "storage_bucket": "pushtest-ldj-01.appspot.com"
  },
  "client": [
    {
      "client_info": {
        "mobilesdk_app_id": "1:957527599627:android:ea0e8d5d9e5725f703750e",
        "android_client_info": {
          "package_name": "com.spherernsample"
        }
      },
      "oauth_client": [
        {
          "client_id": "957527599627-uov0884eg31eamgfd4tpjbenqor4rtfu.apps.googleusercontent.com",
          "client_type": 3
        }
      ],
      "api_key": [
        {
          "current_key": "AIzaSyCzawr3AyBuUVXPsiaipZ4_nNM46Rs6hDw"
        }
      ],
      "services": {
        "appinvite_service": {
          "other_platform_oauth_client": [
            {
              "client_id": "957527599627-uov0884eg31eamgfd4tpjbenqor4rtfu.apps.googleusercontent.com",
              "client_type": 3
            },
            {
              "client_id": "957527599627-3ikqieof6kqtq0cqr6dm0hv34ph64mso.apps.googleusercontent.com",
              "client_type": 2,
              "ios_info": {
                "bundle_id": "com.tand.rnSphere"
              }
            }
          ]
        }
      }
    },
    {
      "client_info": {
        "mobilesdk_app_id": "1:957527599627:android:9580a6cfef27f08c03750e",
        "android_client_info": {
          "package_name": "com.testrn"
        }
      },
      "oauth_client": [
        {
          "client_id": "957527599627-uov0884eg31eamgfd4tpjbenqor4rtfu.apps.googleusercontent.com",
          "client_type": 3
        }
      ],
      "api_key": [
        {
          "current_key": "AIzaSyCzawr3AyBuUVXPsiaipZ4_nNM46Rs6hDw"
        }
      ],
      "services": {
        "appinvite_service": {
          "other_platform_oauth_client": [
            {
              "client_id": "957527599627-uov0884eg31eamgfd4tpjbenqor4rtfu.apps.googleusercontent.com",
              "client_type": 3
            },
            {
              "client_id": "957527599627-3ikqieof6kqtq0cqr6dm0hv34ph64mso.apps.googleusercontent.com",
              "client_type": 2,
              "ios_info": {
                "bundle_id": "com.tand.rnSphere"
              }
            }
          ]
        }
      }
    }
  ],
  "configuration_version": "1"
}